Дата,Россия,США,Германия,Великобритания,Всего,Россия%,США%,Германия%,Великобритания%,Всего%,Доллар США,Евро,Доллар/Евро,Евро/Доллар
1/22/20,0,1,0,0,555,0.0,3.0375689873683606e-07,0.0,0.0,7.099538082306032e-06,61.8552,68.6222,0.9013875975996106,1.1094006647783856
1/23/20,0,1,0,0,654,0.0,3.0375689873683606e-07,0.0,0.0,8.365942172663325e-06,61.8343,68.5186,0.9024454673621468,1.1081001968163302
1/24/20,0,2,0,0,941,0.0,6.075137974736721e-07,0.0,0.0,1.2037234838648605e-05,61.9515,68.6856,0.9019576155700759,1.1086995472264594
1/25/20,0,2,0,0,1434,0.0,6.075137974736721e-07,0.0,0.0,1.834367136941775e-05,61.8031,68.2924,0.9049777134790987,1.1049995873993377
1/26/20,0,5,0,0,2118,0.0,1.5187844936841802e-06,0.0,0.0,2.709337235734086e-05,61.8031,68.2924,0.9049777134790987,1.1049995873993377
1/27/20,0,5,1,0,2927,0.0,1.5187844936841802e-06,1.2026559453897987e-06,0.0,3.744206840884641e-05,61.8031,68.2924,0.9049777134790987,1.1049995873993377
1/28/20,0,5,4,0,5578,0.0,1.5187844936841802e-06,4.810623781559195e-06,0.0,7.135355571730279e-05,62.338,68.7775,0.9063719966558831,1.1032997529596715
1/29/20,0,6,4,0,6167,0.0,1.8225413924210164e-06,4.810623781559195e-06,0.0,7.888802045690324e-05,62.8299,69.226,0.9076055239360934,1.1018002575207027
1/30/20,0,6,4,0,8235,0.0,1.8225413924210164e-06,4.810623781559195e-06,0.0,0.00010534179478881112,62.3934,68.6764,0.9085129680647209,1.1006997534995688
1/31/20,2,8,5,2,9927,1.3647219379051518e-06,2.4300551898946885e-06,6.0132797269489946e-06,2.985372362061542e-06,0.00012698579196946302,63.0359,69.4151,0.9081006870263099,1.1011994752196763
2/1/20,2,8,8,2,12038,1.3647219379051518e-06,2.4300551898946885e-06,9.62124756311839e-06,2.985372362061542e-06,0.00015398962060324327,63.1385,69.5976,0.9071936388611102,1.102300498111295
2/2/20,2,8,10,2,16787,1.3647219379051518e-06,2.4300551898946885e-06,1.2026559453897989e-05,2.985372362061542e-06,0.0002147386410588673,63.1385,69.5976,0.9071936388611102,1.102300498111295
2/3/20,2,11,12,8,19887,1.3647219379051518e-06,3.341325886105196e-06,1.4431871344677587e-05,1.1941489448246169e-05,0.0002543937186357118,63.1385,69.5976,0.9071936388611102,1.102300498111295
2/4/20,2,11,12,8,23898,1.3647219379051518e-06,3.341325886105196e-06,1.4431871344677587e-05,1.1941489448246169e-05,0.0003057022722359452,63.9091,70.7921,0.9027716369481905,1.107699842432455
2/5/20,2,11,12,9,27643,1.3647219379051518e-06,3.341325886105196e-06,1.4431871344677587e-05,1.3434175629276939e-05,0.00035360816434087505,63.4342,70.1265,0.9045681732298062,1.1054998723086285
2/6/20,2,12,12,9,30803,1.3647219379051518e-06,3.6450827848420328e-06,1.4431871344677587e-05,1.3434175629276939e-05,0.0003940307595482391,63.1742,69.7443,0.9057973196375905,1.1039997340686545
2/7/20,2,12,13,9,34396,1.3647219379051518e-06,3.6450827848420328e-06,1.5634527290067383e-05,1.3434175629276939e-05,0.0004399922736558528,62.7977,69.0837,0.9090089268524993,1.10009920745505
2/8/20,2,12,13,13,37130,1.3647219379051518e-06,3.6450827848420328e-06,1.5634527290067383e-05,1.940492035340002e-05,0.00047496549368652785,63.472,69.6288,0.9115768187876282,1.0970002520796571
2/9/20,2,12,14,14,40160,1.3647219379051518e-06,3.6450827848420328e-06,1.6837183235457184e-05,2.089760653443079e-05,0.0005137251340277662,63.472,69.6288,0.9115768187876282,1.0970002520796571
2/10/20,2,12,14,14,42769,1.3647219379051518e-06,3.6450827848420328e-06,1.6837183235457184e-05,2.089760653443079e-05,0.0005470993589948589,63.472,69.6288,0.9115768187876282,1.0970002520796571
2/11/20,2,13,16,15,44811,1.3647219379051518e-06,3.9488396835788685e-06,1.924249512623678e-05,2.2390292715461564e-05,0.0005732205423535416,63.7708,69.8226,0.9133260577520746,1.0948992328777434
2/12/20,2,13,16,16,45229,1.3647219379051518e-06,3.9488396835788685e-06,1.924249512623678e-05,2.3882978896492337e-05,0.0005785675818461613,63.949,69.7684,0.9165897455008284,1.0910006411359052
2/13/20,2,14,16,17,60382,1.3647219379051518e-06,4.252596582315705e-06,1.924249512623678e-05,2.5375665077523107e-05,0.000772404159433879,63.047,68.7843,0.9165899776547846,1.0910003648072073
2/14/20,2,14,16,18,66909,1.3647219379051518e-06,4.252596582315705e-06,1.924249512623678e-05,2.6868351258553878e-05,0.0008558972856738997,63.6016,69.1795,0.9193706228001068,1.087700623883676
2/15/20,2,14,16,18,69051,1.3647219379051518e-06,4.252596582315705e-06,1.924249512623678e-05,2.6868351258553878e-05,0.0008832976650834483,63.4536,68.771,0.9226796178621803,1.0837998159284894
2/16/20,2,14,16,18,71235,1.3647219379051518e-06,4.252596582315705e-06,1.924249512623678e-05,2.6868351258553878e-05,0.0009112353068343608,63.4536,68.771,0.9226796178621803,1.0837998159284894
2/17/20,2,14,16,19,73270,1.3647219379051518e-06,4.252596582315705e-06,1.924249512623678e-05,2.8361037439584648e-05,0.0009372669464694829,63.4536,68.771,0.9226796178621803,1.0837998159284894
2/18/20,2,14,16,19,75152,1.3647219379051518e-06,4.252596582315705e-06,1.924249512623678e-05,2.8361037439584648e-05,0.00096134141614678,63.3085,68.6201,0.9225941087232459,1.083900266156993
2/19/20,2,14,16,20,75652,1.3647219379051518e-06,4.252596582315705e-06,1.924249512623678e-05,2.9853723620615418e-05,0.0009677373964011098,63.7698,69.0882,0.9230201394738898,1.0833999793005467
2/20/20,2,14,16,22,76212,1.3647219379051518e-06,4.252596582315705e-06,1.924249512623678e-05,3.2839095982676954e-05,0.0009749008942859592,63.6873,68.7823,0.925925710538903,1.0800002512274818
2/21/20,2,16,16,23,76841,1.3647219379051518e-06,4.860110379789377e-06,1.924249512623678e-05,3.433178216370773e-05,0.000982947037445906,63.7413,68.7705,0.9268698060941829,1.0789001793185893
2/22/20,2,16,16,23,78602,1.3647219379051518e-06,4.860110379789377e-06,1.924249512623678e-05,3.433178216370773e-05,0.0010054736799016554,64.3008,69.4191,0.9262695713427572,1.0795993206927441
2/23/20,2,16,16,28,78982,1.3647219379051518e-06,4.860110379789377e-06,1.924249512623678e-05,4.179521306886158e-05,0.001010334624894946,64.3008,69.4191,0.9262695713427572,1.0795993206927441
2/24/20,2,16,16,30,79546,1.3647219379051518e-06,4.860110379789377e-06,1.924249512623678e-05,4.478058543092313e-05,0.00101754929062183,64.3008,69.4191,0.9262695713427572,1.0795993206927441
2/25/20,2,16,17,34,80399,1.3647219379051518e-06,4.860110379789377e-06,2.044515107162658e-05,5.0751330155046215e-05,0.0010284608329357166,64.3008,69.4191,0.9262695713427572,1.0795993206927441
2/26/20,2,16,27,37,81376,1.3647219379051518e-06,4.860110379789377e-06,3.247171052552457e-05,5.5229388698138525e-05,0.001040958578352677,64.9213,70.4591,0.9214040485898911,1.0853002019368065
2/27/20,2,17,46,44,82736,1.3647219379051518e-06,5.163867278526213e-06,5.5322173487930744e-05,6.567819196535391e-05,0.001058355644644454,65.5177,71.2439,0.9196253995078878,1.0873992829418613
2/28/20,2,17,48,56,84121,1.3647219379051518e-06,5.163867278526213e-06,5.7727485378710346e-05,8.359042613772316e-05,0.0010760725099489474,65.6097,71.6458,0.915750818610442,1.0920001158365302
2/29/20,2,25,79,61,86014,1.3647219379051518e-06,7.593922468420902e-06,9.50098196857941e-05,9.105385704287703e-05,0.0011002876911918398,66.9909,73.7235,0.9086776943579726,1.1005002171936786
3/1/20,2,32,130,94,88397,1.3647219379051518e-06,9.720220759578754e-06,0.00015634527290067386,0.00014031250101689246,0.0011307709330839754,66.9909,73.7235,0.9086776943579726,1.1005002171936786
3/2/20,3,55,159,134,90375,2.0470829068577275e-06,1.6706629430525983e-05,0.000191222295316978,0.00020001994825812332,0.0011560734309701039,66.9909,73.7235,0.9086776943579726,1.1005002171936786
3/3/20,3,74,196,189,92959,2.0470829068577275e-06,2.247801050652587e-05,0.0002357205652964006,0.0002821176882148157,0.00118912785692448,66.3274,73.4178,0.9034239653054164,1.106900014172122
3/4/20,3,107,262,245,95276,2.0470829068577275e-06,3.250198816484146e-05,0.00031509585769212727,0.00036570811435253885,0.0012187668294230442,66.4437,73.9385,0.8986346761159613,1.1127992571154224
3/5/20,4,184,482,294,98040,2.7294438758103036e-06,5.589126936757783e-05,0.000579680165677883,0.00043884973722304666,0.001254123808268979,66.0784,73.7369,0.8961374834038317,1.1159002033947554
3/6/20,13,237,670,373,102040,8.870692596383487e-06,7.199038500063015e-05,0.0008057794834111652,0.0005567719455244776,0.001305291650303617,66.1854,73.6842,0.8982305568900796,1.1132999120651987
3/7/20,13,403,799,428,106102,8.870692596383487e-06,0.00012241403019094493,0.0009609221003664493,0.0006388696854811699,0.0013572525938897921,67.5175,75.8424,0.8902342225457001,1.1232998852149443
3/8/20,17,519,1040,482,110062,1.1600136472193791e-05,0.0001576498304444179,0.0012507621832053908,0.0007194747392568315,0.0014079087575040838,67.5175,75.8424,0.8902342225457001,1.1232998852149443
3/9/20,17,594,1176,629,114025,1.1600136472193791e-05,0.00018043159784968062,0.0014143233917784034,0.0009388996078683548,0.0014586032969999016,67.5175,75.8424,0.8902342225457001,1.1232998852149443
3/10/20,20,782,1457,887,119036,1.3647219379051519e-05,0.0002375378948122058,0.001752269712432937,0.0013240126425742937,0.0015227038111087943,67.5175,75.8424,0.8902342225457001,1.1232998852149443
3/11/20,20,1147,1908,1298,126717,1.3647219379051519e-05,0.00034840916285115096,0.0022946675438037362,0.0019375066629779404,0.001620958859775808,72.0208,81.8588,0.8798174417411444,1.1365994268322486
3/12/20,28,1586,2078,1787,132506,1.9106107130672124e-05,0.00048175844139662204,0.002499119054520002,0.0026674302055019875,0.0016950115191604381,71.472,81.0207,0.8821449333318521,1.1336005708529215
3/13/20,45,2219,3675,2266,146887,3.0706243602865914e-05,0.0006740365582970392,0.004419760599307511,0.003382426886215727,0.0018789727032354705,74.0274,83.6584,0.8848770715194171,1.130100476310123
3/14/20,59,2978,4585,2630,157965,4.025929716820198e-05,0.0009045880444382978,0.005514177509612228,0.003925764656110927,0.0020206820417504007,73.1882,81.861,0.8940545558935267,1.1184999767722121
3/15/20,63,3212,5795,3072,169258,4.298874104401228e-05,0.0009756671587427175,0.0069693912035338835,0.004585531948126528,0.0021651416517746926,73.1882,81.861,0.8940545558935267,1.1184999767722121
3/16/20,90,4679,7272,3684,184002,6.141248720573183e-05,0.0014212785291896558,0.008745714034874617,0.00549905589091736,0.0023537463175143684,73.1882,81.861,0.8940545558935267,1.1184999767722121
3/17/20,114,6512,9257,4452,199933,7.778915046059366e-05,0.0019780649245742764,0.011132986086473368,0.006645438877948992,0.002557535040377823,74.1262,82.7471,0.8958162884258178,1.1163003094722246
3/18/20,147,9169,12327,5451,219466,0.00010030706243602866,0.0027851470045180495,0.014825139838820051,0.008136632372798732,0.0028074004049934696,73.8896,82.3056,0.8977469333799888,1.1138996557025616
3/19/20,199,13663,15320,6506,246622,0.0001357898328215626,0.0041502305074413905,0.018424689083371717,0.009711416293786196,0.0031547788845666274,77.2131,84.8881,0.9095868561082178,1.0994002313078999
3/20/20,253,20030,19848,7760,277257,0.00017263732514500172,0.006084250681698826,0.023870315204096725,0.011583244764798783,0.003546660594749412,80.157,87.2669,0.9185269558102784,1.088699676884115
3/21/20,306,26025,22213,8957,309226,0.00020880245649948823,0.007905273289626159,0.026714596514943602,0.013369990123492614,0.003955606780250748,78.0443,84.1552,0.9273853546780236,1.078300401182405
3/22/20,367,34832,24873,10333,343464,0.00025042647560559537,0.010580460296801472,0.029913661329680465,0.015423926308590956,0.004393577924146233,78.0443,84.1552,0.9273853546780236,1.078300401182405
3/23/20,438,46052,29056,12668,386832,0.00029887410440122825,0.013988612700628775,0.03494437114924599,0.018909348541297805,0.004948339667485778,78.0443,84.1552,0.9273853546780236,1.078300401182405
3/24/20,495,56629,32986,15039,428304,0.00033776867963152506,0.01720144941856829,0.039670809014627904,0.022448507476521763,0.005478847853700906,80.8815,86.705,0.9328354766161121,1.0720003956405357
3/25/20,658,68663,37323,17732,479288,0.00044899351757079494,0.020856859937967372,0.04488672784978347,0.026468311362037627,0.006131033168274403,78.8493,85.4253,0.9230204634926656,1.0833995989818552
3/26/20,840,86556,43938,20816,542014,0.0005731832139201638,0.026291982127065582,0.05284229692853698,0.031071755544336527,0.00693342168314058,77.7928,84.1485,0.924470430251282,1.0817003630156004
3/27/20,1036,105196,50871,24017,607005,0.0007069259638348686,0.031954010719520205,0.061180310597924455,0.03584984400981602,0.00776478398855887,78.7223,85.9648,0.9157504001637881,1.0920006148194348
3/28/20,1264,124793,57695,26839,674387,0.000862504264756056,0.03790673466406598,0.06938723476926444,0.04006220441268486,0.008626731871553366,77.7325,85.7389,0.9066188159633493,1.1029993889299843
3/29/20,1534,143724,62095,29696,733786,0.0010467417263732514,0.043657156514053025,0.07467892092897956,0.044326808831889775,0.009386561533807233,77.7325,85.7389,0.9066188159633493,1.1029993889299843
3/30/20,1836,165733,66885,33969,799023,0.0012528147389969293,0.050342542098352046,0.08043964290739669,0.050705056883434255,0.010221070661510654,77.7325,85.7389,0.9066188159633493,1.1029993889299843
3/31/20,2337,192101,71808,38484,875852,0.00159467758444217,0.058352004004244944,0.08636031812655068,0.057444534990788186,0.011203864195430456,77.7325,85.7389,0.9066188159633493,1.1029993889299843
4/1/20,2777,217920,77872,43398,952378,0.0018949164107813032,0.06619470337273131,0.09365322377939442,0.06477959488437339,0.012182781765316134,77.7325,85.7389,0.9066188159633493,1.1029993889299843
4/2/20,3548,248309,84794,48263,1033709,0.0024210167178437395,0.07542557176844501,0.1019780082333826,0.0720415131550881,0.013223164705445921,77.7325,85.7389,0.9066188159633493,1.1029993889299843
4/3/20,4149,280306,91159,53178,1116962,0.0028311156601842375,0.08514488125732757,0.10963291332578867,0.07937806573485433,0.014288133793673352,77.7325,85.7389,0.9066188159633493,1.1029993889299843
4/4/20,4731,313304,96092,57198,1197316,0.0032282497441146365,0.09516825140184568,0.11556561510439654,0.08537866418259803,0.01531601898838618,77.7325,85.7389,0.9066188159633493,1.1029993889299843
4/5/20,5389,341489,100123,60792,1269293,0.0036772432616854313,0.10372963959274341,0.12041352122026283,0.09074337831722262,0.016236745929917966,77.7325,85.7389,0.9066188159633493,1.1029993889299843
4/6/20,6343,371675,103374,66067,1342527,0.004328215626066189,0.11289884533801353,0.12432335569872506,0.09861729792215994,0.017173552365809138,77.7325,85.7389,0.9066188159633493,1.1029993889299843
4/7/20,7497,403073,107663,71517,1420267,0.005115660184237462,0.12243620444455272,0.12948154704850193,0.10675243760877764,0.018167999375752326,76.4074,82.6346,0.9246417360282495,1.0814999594280137
4/8/20,8672,435089,113296,76646,1504298,0.005917434322756739,0.13216128531451124,0.13625610798888266,0.11440842503128446,0.019242920609255497,75.455,82.012,0.920048285616739,1.0868994765091777
4/9/20,10131,469738,118181,81498,1590779,0.006912998976458547,0.14268615809884388,0.14213108228211183,0.12165093838164577,0.02034918214600488,75.7499,82.2341,0.9211494988088883,1.0856001130034496
4/10/20,11917,503274,122171,85813,1678319,0.008131695667007848,0.15287294945488245,0.14692967950421712,0.12809187925279356,0.021468990368932933,74.605,81.0882,0.9200475531581661,1.0869003418001475
4/11/20,13584,532632,124908,89390,1754535,0.00926919140225179,0.16179064448799846,0.15022134882674898,0.13343121772234062,0.022443942431060928,73.7515,80.7358,0.9134919081745644,1.0947004467705743
4/12/20,15770,559591,127854,92885,1849888,0.010760832480382123,0.16997962672104483,0.15376437324186734,0.13864815592504315,0.02366369424144314,73.7515,80.7358,0.9134919081745644,1.0947004467705743
4/13/20,18328,585382,130072,97068,1920033,0.012506311838962812,0.17781382089636658,0.1564318641287419,0.14489206222029488,0.02456098631132306,73.7515,80.7358,0.9134919081745644,1.0947004467705743
4/14/20,21102,613973,131359,101393,1991379,0.014399181166837256,0.18649853438815145,0.1579796823304586,0.15134792995325294,0.02547364152577388,73.5245,80.5387,0.912908949362232,1.0953994926861115
4/15/20,24490,643981,134753,106458,2073252,0.016711020129648584,0.19561367140544642,0.16206149660911157,0.15890838546017383,0.026520957708499365,73.315,80.1186,0.915080892576755,1.0927995635272454
4/16/20,27938,675504,137698,111756,2170173,0.019063800750597066,0.2051890001243277,0.1656033183682845,0.16681663684727482,0.027760767312959154,73.7145,80.6731,0.9137432427909674,1.0943993379864205
4/17/20,32008,708310,141397,116721,2257986,0.02184100989423405,0.21515404894428833,0.17005194271028137,0.1742278237360926,0.028884067741106068,74.7119,81.2791,0.9192018612410816,1.0879003211001192
4/18/20,36793,736161,143342,121437,2331380,0.02510610713067212,0.22361398233100796,0.17239110852406453,0.18126733176583373,0.029822920890678624,73.9441,80.111,0.923020558974423,1.083399486909706
4/19/20,42853,761842,145184,125289,2411352,0.029241214602524736,0.23141476324746868,0.17460640077547254,0.18701715893516424,0.03084591955647714,73.9441,80.111,0.923020558974423,1.083399486909706
4/20/20,47121,790264,147065,130147,2485855,0.03215353121801433,0.24004814182336703,0.17686859660875076,0.19426862840261175,0.031798958990253805,73.9441,80.111,0.923020558974423,1.083399486909706
4/21/20,52763,816302,148291,134907,2561734,0.03600341180484476,0.24795736395267676,0.17834305279779866,0.20137381462431822,0.03276960016169038,74.6657,81.1019,0.9206405768545497,1.0862002231278887
4/22/20,57999,845599,150648,140397,2639753,0.03957625383828045,0.2568565298149698,0.18117771286108242,0.20956866175817715,0.03376761612861549,76.2562,82.616,0.9230197540428006,1.0834004317026025
4/23/20,62773,878844,153129,145540,2727810,0.04283384510406005,0.2669549279134759,0.1841615022615945,0.21724554678721839,0.034894037795126516,77.0416,83.6826,0.9206406110708798,1.0862001827584058
4/24/20,68622,912596,154999,150513,2812183,0.04682497441146366,0.2772073307596416,0.18641046887947343,0.22466867516548442,0.035973333879123645,75.129,81.1468,0.9258405753523244,1.0800995620865443
4/25/20,74588,943963,156513,154261,2895430,0.05089593995223473,0.28673527340231997,0.18823128998079358,0.23026326297198776,0.03703822621558803,74.7163,80.2528,0.9310117528609595,1.0741002967224018
4/26/20,80949,971012,157770,157729,2967570,0.055236438075742064,0.29495159375625263,0.18974302850414856,0.23543989864780243,0.037961038246682725,74.7163,80.2528,0.9310117528609595,1.0741002967224018
4/27/20,87147,994171,158758,162431,3037260,0.05946571136131013,0.301986299774099,0.19093125257819368,0.24245850907100913,0.038852509974531206,74.7163,80.2528,0.9310117528609595,1.0741002967224018
4/28/20,93558,1018837,159912,167152,3112744,0.0638403275332651,0.30947876743834185,0.1923191175391735,0.2495054805316554,0.03981809832156686,74.496,80.7611,0.9224242859495474,1.0840998174398626
4/29/20,99399,1046655,161539,172587,3190206,0.06782599795291709,0.3179286768474031,0.1942758387623227,0.25761822992555766,0.040808989166488646,74.5706,80.7749,0.923190248455894,1.0832003497356868
4/30/20,106498,1076104,163009,177543,3273554,0.07267007847151144,0.3268740137583042,0.19604374300204574,0.26501598263874615,0.041875173490964396,73.6894,80.0488,0.9205559608638731,1.08630006486686
5/1/20,114431,1110297,164077,182270,3360744,0.07808324803821222,0.33726037339681286,0.19732817955172202,0.2720719102164786,0.04299050452771443,72.7263,79.1189,0.9192026178321488,1.0878994256548182
5/2/20,124054,1138126,164967,185491,3440791,0.08464960764244285,0.34571362413176027,0.19839854334311896,0.2768798524055787,0.04401446259055109,72.7263,79.1189,0.9192026178321488,1.0878994256548182
5/3/20,134687,1162592,165664,188465,3517314,0.0919051518253156,0.3531453404162557,0.19923679453705562,0.28131910110796426,0.044993341784555246,72.7263,79.1189,0.9192026178321488,1.0878994256548182
5/4/20,145268,1185972,166152,191843,3594392,0.0991252132378028,0.3602471767087229,0.19982369063840585,0.2863613950274862,0.0459793205166417,72.7263,79.1189,0.9192026178321488,1.0878994256548182
5/5/20,155370,1210458,167007,195527,3674847,0.10601842374616173,0.36768496813119306,0.2008519614717141,0.2918604509184035,0.0470084976993659,72.7263,79.1189,0.9192026178321488,1.0878994256548182
5/6/20,165929,1235561,168162,199358,3764761,0.11322347321733198,0.37531017756018387,0.20224102908863936,0.2975789316779324,0.04815867403654151,72.7263,79.1189,0.9192026178321488,1.0878994256548182
5/7/20,177160,1263296,169430,203125,3853781,0.12088706925963835,0.38373487514665006,0.2037659968273936,0.3032018805218753,0.04929741436102238,73.9719,80.0598,0.9239580913267333,1.0823001707405109
5/8/20,187859,1290069,170588,206174,3944952,0.12818764926646195,0.3918673585965314,0.205158672412155,0.30775308068783813,0.05046367019255738,74.1169,80.0611,0.9257542052257589,1.0802003321779512
5/9/20,198676,1315026,171324,208324,4029875,0.13556874786762196,0.39944821951830656,0.2060438271879619,0.3109623559770543,0.05155000185483428,73.8725,80.0039,0.9233612361397382,1.0829997631053505
5/10/20,209688,1333863,171879,210645,4105071,0.14308290685772773,0.4051700882198124,0.20671130123765322,0.31442688060322677,0.05251190611724343,73.8725,80.0039,0.9233612361397382,1.0829997631053505
5/11/20,221344,1353268,172576,214228,4181946,0.15103650631183896,0.4110644908398006,0.20754955243158993,0.31977517518986,0.05349528808134663,73.8725,80.0039,0.9233612361397382,1.0829997631053505
5/12/20,232243,1375989,173171,217617,4266204,0.1584735585124531,0.41796615133600035,0.20826513271909683,0.3248338886573733,0.054573113089885265,73.8725,80.0039,0.9233612361397382,1.0829997631053505
5/13/20,242271,1396928,174098,220915,4351024,0.16531627430910953,0.42432651703865093,0.20937999478047317,0.32975676768241274,0.05565812718022977,73.4326,79.4394,0.9243851287899958,1.0818001813908267
5/14/20,252245,1424152,174478,223524,4447706,0.1721221426134425,0.4325959948498625,0.20983700403972133,0.333651185928722,0.05689487950612798,73.5819,79.7775,0.9223390053586538,1.0842000546330008
5/15/20,262843,1449346,175233,226041,4544030,0.1793538041624019,0.44024884615663834,0.21074500927849063,0.3374082770463765,0.0581270523101641,73.9298,79.9033,0.9252408849196466,1.080799623426548
5/16/20,272043,1473343,175752,228106,4638236,0.1856315250767656,0.4475381004556262,0.21136918771414792,0.340490674010205,0.05933213174184288,73.2056,79.1279,0.9251553497565335,1.0808995486684079
5/17/20,281752,1491438,176369,229932,4715641,0.19225656772432617,0.45303458153826925,0.21211122643245342,0.3432163189767672,0.060322293445015676,73.2056,79.1279,0.9251553497565335,1.0808995486684079
5/18/20,290678,1513437,176551,232506,4804359,0.19834732173319689,0.4597169295535809,0.21233010981451436,0.3470584932067404,0.061457170597422936,73.2056,79.1279,0.9251553497565335,1.0808995486684079
5/19/20,299941,1534386,177778,235547,4901497,0.20466803138860457,0.46608033282521893,0.21380576865950765,0.351597751883255,0.0626997560573131,72.9798,78.9422,0.9244713220558839,1.0816993195377351
5/20/20,308705,1557833,178473,238253,5004250,0.21064824292050494,0.4732025208299015,0.21464161454155356,0.3556369606891242,0.0640141683754594,72.3918,79.1677,0.9144108013748032,1.0936003801535532
5/21/20,317554,1583458,179021,240795,5110815,0.2166864551347663,0.48098629136003296,0.21530066999962716,0.35943136896130445,0.0653773436470647,72.3381,79.1813,0.9135755538239458,1.0946002175893477
5/22/20,326448,1606787,179710,242825,5216798,0.22275537359263048,0.48807263605066453,0.21612929994600075,0.36246152190879694,0.06673307399765395,70.924,77.7965,0.9116605502818251,1.096899498054255
5/23/20,335882,1627923,179986,244332,5321424,0.2291927669737291,0.49449284186236636,0.21646123298692832,0.36471099998361034,0.06807144565783296,71.8804,78.4431,0.9163380845479079,1.0913002710057262
5/24/20,344481,1647948,180328,245680,5415901,0.2350603889457523,0.5005755737595715,0.21687254132025163,0.3667231409556398,0.06927999171080959,71.8804,78.4431,0.9163380845479079,1.0913002710057262
5/25/20,353427,1666219,180600,247287,5502250,0.24116479017400205,0.5061255160563922,0.21719966373739769,0.36912188764855625,0.07038456470877183,71.8804,78.4431,0.9163380845479079,1.0913002710057262
5/26/20,362342,1685682,181200,248937,5595501,0.24724803821221425,0.5120375365765073,0.21792125730463155,0.371584819847257,0.07157742781816484,71.5962,77.8823,0.9192871807843374,1.087799352479601
5/27/20,370680,1704217,181524,250739,5698506,0.2529375639713409,0.5176676706945945,0.21831091783093784,0.3742746403454744,0.07289506371035931,71.1408,77.7854,0.9145777999470338,1.093400692710793
5/28/20,379051,1727097,182196,252473,5818020,0.2586496076424429,0.5246176285376933,0.2191191026262398,0.3768629581833818,0.07442388207859124,71.0635,77.9069,0.9121592567538949,1.0962997882175798
5/29/20,387623,1751301,182922,253977,5938915,0.2644988058683043,0.5319697605147197,0.2199922308425928,0.3791079581996521,0.07597036614428564,71.1012,78.2611,0.9085126582682841,1.1007001288304556
5/30/20,396575,1775081,183189,255076,6075869,0.2706073012623678,0.5391930995666817,0.22031333998001187,0.3807484203126049,0.0777222763037886,70.752,78.5489,0.9007382662265161,1.1102004183627319
5/31/20,405843,1794196,183410,256145,6182468,0.2769314227226203,0.5449994126860364,0.220579126943943,0.3823441018401268,0.07908588650205119,70.752,78.5489,0.9007382662265161,1.1102004183627319
6/1/20,414328,1811469,183594,257579,6277971,0.28272125554418287,0.5502462055979177,0.2208004156378947,0.3844846138237249,0.0803075571065097,70.752,78.5489,0.9007382662265161,1.1102004183627319
6/2/20,423186,1832782,183879,259046,6399352,0.2887656090071648,0.5567201763806958,0.22114317258233085,0.38667438445129704,0.08186025806501131,69.7114,77.6376,0.897907714818593,1.1137001982459112
6/3/20,431715,1852680,184121,260388,6517447,0.2945854657113613,0.5627643311517615,0.22143421532111515,0.38867756930624037,0.08337092464128144,68.9831,76.7782,0.8984724830746227,1.1130001406141505
6/4/20,440538,1873943,184472,261622,6644274,0.3006059365404299,0.5692231140896027,0.22185634755794698,0.3905195440536323,0.08499329061671321,68.3413,76.6243,0.8919011331914288,1.1212005039412478
6/5/20,449256,1899008,184924,262727,6775073,0.30655475946775845,0.5768367807564415,0.22239994804526317,0.3921689622836714,0.08666646625928537,69.0151,77.3245,0.8925385873817484,1.1203997386079279
6/6/20,458102,1920581,185450,263518,6909702,0.3125909245991129,0.5833897283328914,0.2230325450725382,0.39334967705286666,0.08838863511060568,68.6319,77.9658,0.8802821237003917,1.1359994404934148
6/7/20,467073,1938302,185750,264235,7021606,0.3187123848515865,0.5887726043354068,0.22339334185615514,0.39441993304466577,0.08982010665936671,68.6319,77.9658,0.8802821237003917,1.1359994404934148
6/8/20,476043,1955778,186109,265321,7124085,0.3248331627430911,0.5940810598977317,0.22382509534055006,0.39604099023726513,0.09113101398033363,68.6319,77.9658,0.8802821237003917,1.1359994404934148
6/9/20,484630,1974024,186506,266474,7248720,0.33069259638348686,0.599623408272084,0.22430254975086983,0.3977620574039937,0.09272533997833042,68.3123,77.1861,0.8850337042550407,1.1299004718037602
6/10/20,493023,1994722,186522,267656,7383167,0.33641965199590584,0.6059105685621391,0.22432179224599605,0.399526412469972,0.09444518069283817,68.6745,77.3481,0.8878627917169264,1.1263001550793963
6/11/20,501800,2017907,186691,268657,7521337,0.34240873422040263,0.6129531722593526,0.2245250411007669,0.4010205913371838,0.09621264587631964,68.6183,77.9229,0.8805922264186781,1.1355993954965364
6/12/20,510761,2042646,187226,269710,7649809,0.34852337086318663,0.6204678141772032,0.22516846203155047,0.4025923898858092,0.09785605462678815,69.1219,78.5225,0.8802814479926137,1.13600031249141
6/13/20,519458,2067774,187267,270597,7785133,0.3544578642101672,0.6281006175286624,0.22521777092531148,0.40391640252838357,0.099587113890662,69.1219,78.5225,0.8802814479926137,1.13600031249141
6/14/20,528267,2087041,187518,271404,7917785,0.36046878198567045,0.633953101696625,0.2255196375676043,0.40512100027647535,0.1012839930360567,69.1219,78.5225,0.8802814479926137,1.13600031249141
6/15/20,536484,2106893,187682,272430,8037530,0.3660757420675538,0.6399832836503487,0.2257168731426482,0.40665249629821293,0.10281576634716613,69.1219,78.5225,0.8802814479926137,1.13600031249141
6/16/20,544725,2130631,188252,273507,8179373,0.37169907881269193,0.6471938649125637,0.2264023870315204,0.408260119315183,0.10463021640159592,70.395,79.1451,0.8894423028083861,1.1243000213083316
6/17/20,552549,2156495,188604,274504,8321890,0.37703787103377684,0.6550502333414933,0.22682572192429762,0.4097483274376707,0.10645328823740854,69.7524,79.0434,0.8824569793303424,1.1331997178591706
6/18/20,560321,2184589,189817,275524,8462195,0.3823411804844763,0.6635839796546059,0.22828454358605546,0.41127086734232216,0.10824806425657602,69.4822,78.3829,0.8864458957247052,1.1281004343558494
6/19/20,568292,2215833,190299,276504,8642028,0.3877802797679972,0.6730745601987397,0.22886422375173332,0.41273369979973223,0.1105484808907298,69.618,78.2924,0.8892050824856562,1.1245999597805165
6/20/20,576162,2247853,190670,277170,8799120,0.39315046059365405,0.6828008560962932,0.22931040910747297,0.41372782879629877,0.11255799555095612,69.5725,78.0047,0.8919013854293396,1.1212001868554384
6/21/20,583879,2273902,191272,277792,8927408,0.3984162401910611,0.6907134195514889,0.2300344079865976,0.41465627960089985,0.11419905058069105,69.5725,78.0047,0.8919013854293396,1.1212001868554384
6/22/20,591465,2304358,191768,278684,9065315,0.40359263050153527,0.699964639659418,0.23063092533551094,0.41598775567437934,0.11596315147855876,69.5725,78.0047,0.8919013854293396,1.1212001868554384
6/23/20,598878,2340044,192480,279566,9230605,0.40865097236438075,0.7108045083477408,0.23148721636862848,0.41730430488604847,0.11807753463103508,69.4835,77.8285,0.8927770675266773,1.1201004555038245
6/24/20,606043,2374395,192871,280340,9401467,0.41354008870692593,0.7212388615762498,0.2319574548432759,0.41845964399016633,0.12026319458746566,68.8376,77.6832,0.8861323941341241,1.1284995409485514
6/25/20,613148,2414896,193371,281037,9579792,0.418388263391334,0.7335413197319904,0.2325587828159708,0.4195000462583447,0.12254432094517238,68.8376,77.759,0.8852685862729716,1.129600683347473
6/26/20,619936,2460178,194036,281675,9771190,0.42302012964858415,0.7472960396205919,0.233358549019655,0.42045238004184243,0.1249926766026088,69.466,78.0589,0.8899177416028153,1.1236993637175021
6/27/20,626779,2502411,194458,282308,9949650,0.4276895257591266,0.7601246047249446,0.2338660698286095,0.4213972503944349,0.12727552987498417,69.1284,77.5413,0.8915042693377593,1.121699619837867
6/28/20,633563,2541665,194693,282703,10111445,0.4323186625725009,0.7720482780279604,0.2341486939757761,0.421986861435942,0.12934520512548273,69.1284,77.5413,0.8915042693377593,1.121699619837867
6/29/20,640246,2582307,195042,283307,10267631,0.4368788809280109,0.7843935659064228,0.23456842090071717,0.4228884438892846,0.13134313026948824,69.1284,77.5413,0.8915042693377593,1.121699619837867
6/30/20,646929,2628321,195418,283710,10441739,0.441439099283521,0.7983706358448996,0.2350206195361837,0.42348999642024,0.13357031292972993,69.9513,78.6812,0.8890471929762128,1.124799682064522
7/1/20,653479,2679609,195893,283770,10658951,0.4459085636301603,0.8139497196673146,0.23559188111024384,0.42357955759110183,0.13634888025573688,70.4413,78.9929,0.8917421692329309,1.1214003716569685
7/2/20,660231,2734697,196370,283774,10867065,0.4505158648925281,0.8306830797049294,0.2361655479961948,0.42358552833582597,0.13901106632503604,70.4413,79.1901,0.8895215437283196,1.1241998657037846
7/3/20,666941,2787208,196780,284276,11069750,0.4550945069941999,0.8466336582144993,0.23665863693380462,0.4243348567987034,0.1416038048407337,70.5198,79.5181,0.8868396000407455,1.1275996245026219
7/4/20,673564,2832878,197198,284900,11263591,0.45961378369157285,0.8605062357798106,0.23716134711897754,0.42526629297566665,0.14408341125769275,70.4999,79.2207,0.8899176604094637,1.1236994662403776
7/5/20,680283,2882761,197523,285416,11446487,0.46419856704196516,0.8756585411595001,0.23755221030122925,0.4260365190450785,0.14642300966688457,70.4999,79.2207,0.8899176604094637,1.1236994662403776
7/6/20,686852,2926967,198064,285768,11611692,0.4686809962470147,0.8890864186250609,0.2382028471676851,0.42656194458080127,0.14853630550271765,70.4999,79.2207,0.8899176604094637,1.1236994662403776
7/7/20,693215,2987076,198343,286349,11822619,0.4730228590924599,0.9073449420512333,0.23853838817644887,0.4274291952519802,0.15123447535692766,71.3409,80.5581,0.8855832001996076,1.129199379318175
7/8/20,699749,3046251,198699,286979,12035018,0.47748140566359604,0.9253197565339856,0.23896653369300763,0.4283695875460296,0.15395147497700645,72.1719,81.4676,0.8858969700838123,1.1287994357914923
7/9/20,706240,3109476,199001,287621,12263083,0.48191061071306723,0.944524786456622,0.23932973578851538,0.42932789207425137,0.1568688734504139,71.2379,80.4062,0.8859752108668236,1.128699751115628
7/10/20,712863,3177035,199332,288133,12495240,0.48642988741044013,0.9650462987783839,0.23972781490643938,0.43009214739893914,0.15983861662622276,70.88,80.4134,0.8814451322789485,1.1345005643340857
7/11/20,719449,3237056,199709,288953,12711512,0.4909239167519618,0.9832780915974676,0.24018121619785132,0.4313161500673843,0.16260515950935156,71.2298,80.2689,0.8873897611652831,1.1269005388194269
7/12/20,726036,3295817,199919,289603,12904017,0.49541862845445245,1.0011271507241428,0.2404337739463832,0.4322863960850543,0.16506767586707108,71.2298,80.2689,0.8873897611652831,1.1269005388194269
7/13/20,732547,3355170,200180,290133,13096205,0.4998614807233026,1.0191560339348702,0.24074766714812992,0.4330775197610007,0.16752613717330933,71.2298,80.2689,0.8873897611652831,1.1269005388194269
7/14/20,738787,3422127,200456,291373,13317524,0.5041194131695668,1.0394946846035926,0.24107960018905752,0.4349284506254788,0.17035724108112532,70.7479,80.0937,0.8833141682804017,1.1321000340646152
7/15/20,745197,3489638,200890,291911,13548634,0.5084933469805527,1.060001616594215,0.2416015528693567,0.4357315157908733,0.17331359107428165,71.1275,80.623,0.8822234349999379,1.1334997012407297
7/16/20,751612,3566897,201450,292552,13801199,0.5128706925963834,1.0834695708337243,0.242275040198775,0.43668832763291404,0.17654439258015123,70.7998,80.8392,0.875810250472543,1.1417998355927559
7/17/20,758001,3638525,202045,293239,14043071,0.5172302968270215,1.1052270699764464,0.2429906204862819,0.4377138030392822,0.17963840965230174,71.231,81.2318,0.8768856531555375,1.1403995451418625
7/18/20,764215,3701144,202426,294066,14279827,0.5214704878880928,1.1242480232184482,0.2434488324014754,0.4389482545109947,0.18266698305448992,71.7139,81.6821,0.8779634705767848,1.138999552388031
7/19/20,770311,3762156,202735,294792,14493749,0.5256301603548277,1.1427808391241803,0.24382045308860087,0.440031944678423,0.18540346483042336,71.7139,81.6821,0.8779634705767848,1.138999552388031
7/20/20,776212,3823985,203325,295372,14700303,0.5296567724326169,1.16156182441618,0.24453002009638086,0.4408977026634208,0.18804569544132904,71.7139,81.6821,0.8779634705767848,1.138999552388031
7/21/20,782040,3888195,203717,295817,14933710,0.5336335721596724,1.1810660548840721,0.24500146122697367,0.4415619480139795,0.19103142856777372,71.9628,82.3902,0.8734388313173169,1.1448998649302138
7/22/20,787890,3959495,204276,296377,15214538,0.537625383828045,1.2027239217640087,0.24567374590044655,0.44239785227535683,0.19462376925349956,70.9668,81.2499,0.873438613462909,1.1449001504929064
7/23/20,793720,4028394,204881,297146,15497459,0.5416035482770386,1.223652468330078,0.24640135274740738,0.44354572794856945,0.19824288351257,70.7881,81.5904,0.8676032964662509,1.1526005077124546
7/24/20,799499,4101237,205623,297914,15777780,0.5455469123166155,1.2457790321047653,0.24729372345888662,0.44469211093560107,0.20182873867431797,70.963,82.1893,0.8634092272351753,1.1581993433197584
7/25/20,805332,4167394,206278,298681,16033181,0.5495271238485159,1.2658746772544982,0.2480814631031169,0.4458370012364517,0.2050958181801901,71.5974,83.1031,0.8615490878198285,1.160699969551967
7/26/20,811073,4221834,206667,299426,16245990,0.5534445581712727,1.2824112028217314,0.24854929626587355,0.44694905244131955,0.20781806250407744,71.5974,83.1031,0.8615490878198285,1.160699969551967
7/27/20,816680,4278319,207112,300111,16472188,0.5572705561241896,1.2995689112468818,0.24908447816157203,0.44797154247532567,0.21071157838721521,71.5974,83.1031,0.8615490878198285,1.160699969551967
7/28/20,822060,4343900,207707,300658,16724421,0.5609416581371546,1.319489592422942,0.24980005844907893,0.44878804181634946,0.2139381329621959,71.585,83.7759,0.8544820169046229,1.1702996437801216
7/29/20,827509,4415121,208546,301455,17014028,0.5646598430569771,1.3411234625078783,0.250809086787261,0.44997771270263104,0.21764277426922726,71.9196,84.261,0.8535336632605832,1.1715999532811638
7/30/20,832993,4482650,209535,302301,17294158,0.568401910610713,1.361635862122678,0.2519985135172515,0.45124052521178304,0.22122618616651807,72.2348,84.912,0.8507019031467873,1.1754998975563025
7/31/20,838461,4549671,210399,303181,17584349,0.5721330603889457,1.3819939532329195,0.2530376082540683,0.4525540890510902,0.22493829797848647,73.3633,86.2532,0.8505574285939534,1.1756995664044558
8/1/20,843890,4607033,211005,303942,17834465,0.5758375980893893,1.3994180564582621,0.2537664177569745,0.4536900232348546,0.22813777197307036,73.4261,87.2889,0.8411848470996885,1.1887993506396226
8/2/20,849277,4654119,211220,304685,18062665,0.5795134766291369,1.4137207537921848,0.2540249887852333,0.45479908906736044,0.23105689736114648,73.4261,87.2889,0.8411848470996885,1.1887993506396226
8/3/20,854641,4698864,212111,305623,18264102,0.5831736608665985,1.4273123562261645,0.25509655523257563,0.4561992287051673,0.23363367151012934,73.4261,87.2889,0.8411848470996885,1.1887993506396226
8/4/20,859762,4756107,212828,306293,18522551,0.5866680313886046,1.444700312380557,0.2559588595454201,0.45719932844645794,0.23693974091163186,74.1586,87.2253,0.8501959867148637,1.176199388877352
8/5/20,864948,4809708,214113,307184,18794790,0.5902067553735927,1.4609819859097504,0.257504272435246,0.45852931183375634,0.2404222114485488,73.3806,86.5011,0.8483198479556908,1.1788006639356996
8/6/20,870187,4869216,215039,308134,19079535,0.5937816444899352,1.479057951439782,0.25861793184067694,0.4599473637057355,0.24406465824358706,73.2806,86.625,0.8459520923520925,1.1821000373905235
8/7/20,875378,4927217,216196,309005,19360274,0.597323780279768,1.4966761553234171,0.26000940476949297,0.46124749336941334,0.24765586044482762,73.0397,86.6178,0.8432412275536898,1.1859002706747153
8/8/20,880563,4982522,216903,309763,19619325,0.6008618219037871,1.5134754306080578,0.26085968252288355,0.46237894949463465,0.2509696306065564,73.6376,87.1722,0.8447371983269896,1.1838001238497724
8/9/20,885718,5028311,217288,310825,19842617,0.6043793926987376,1.5273841552443188,0.2613227050618586,0.46396418221888935,0.25382597305245597,73.6376,87.1722,0.8447371983269896,1.1838001238497724
8/10/20,890799,5077762,218508,311641,20069642,0.6078464687819857,1.542405237643754,0.26278994531523414,0.4651822141426104,0.2567300678869344,73.6376,87.1722,0.8447371983269896,1.1838001238497724
8/11/20,895691,5124380,219540,312789,20324450,0.6111845786421017,1.556565776749068,0.26403108625087646,0.4668958178784338,0.2599895617602249,73.775,86.8258,0.8496898387345697,1.1769000338868179
8/12/20,900745,5181284,220859,313798,20602423,0.614633230979188,1.5738507593147888,0.2656173894428456,0.46840193823509385,0.26354538139869854,73.1522,85.9246,0.8513533958842985,1.1746003537829348
8/13/20,905762,5233016,222281,314927,20888374,0.618056635960423,1.5895647112002427,0.2673275661971899,0.4700871809334776,0.26720325529811023,73.2351,85.956,0.8520068407092001,1.1736994965528824
8/14/20,910778,5297381,223791,316367,21192603,0.6214793585806891,1.6091160239874391,0.2691435766747285,0.47223664903416185,0.2710949406516992,73.6067,87.0399,0.8456661829804492,1.182499690924875
8/15/20,915808,5344580,224488,317379,21440241,0.6249116342545207,1.6234530458509193,0.26998182786866515,0.473747247449365,0.2742627161681427,73.2157,86.4092,0.8473137119658555,1.180200421494297
8/16/20,920719,5385865,225007,318484,21652169,0.6282627089730468,1.6359936494152696,0.27060600630432247,0.47539666567940403,0.2769736907748218,73.2157,86.4092,0.8473137119658555,1.180200421494297
8/17/20,925558,5421522,226700,319197,21861938,0.6315646537018083,1.6468247091535289,0.2726421028198674,0.47646095092647894,0.27965704753876286,73.2157,86.4092,0.8473137119658555,1.180200421494297
8/18/20,930276,5466580,228120,320286,22118012,0.6347840327533265,1.660511387496813,0.2743498742623209,0.47808648617762145,0.28293273603405733,72.9676,86.4666,0.8438819150978528,1.1849999177717232
8/19/20,935066,5513780,229706,321098,22392471,0.6380525417946094,1.674848713117192,0.2762572865917091,0.4792985473566185,0.2864436047233035,73.4321,87.3401,0.840760429630834,1.1893994588197805
8/20/20,939833,5557779,231292,322280,22659722,0.6413053565336063,1.688213712904714,0.27816469892109735,0.48106290242259686,0.28986226896120326,73.2392,87.4037,0.8379416432027477,1.1934005286786311
8/21/20,944671,5605737,233029,323313,22929317,0.6446066189013989,1.7027812862543352,0.2802537122982394,0.4826048472476016,0.2933109175545353,73.7711,87.4261,0.8438109443289818,1.1850995850678654
8/22/20,949531,5649689,233861,324601,23194351,0.6479228932105083,1.7161320094676167,0.2812543220448037,0.4845274270487692,0.2967012220159874,74.0999,87.7343,0.8445944174627256,1.1840002483134255
8/23/20,954328,5683994,234494,325642,23399855,0.6511961787785738,1.7265523898787838,0.2820156032582355,0.4860813133632223,0.29933002106835893,74.0999,87.7343,0.8445944174627256,1.1840002483134255
8/24/20,959016,5721574,236122,326614,23625991,0.6543950870010236,1.737967574133314,0.2839735271373301,0.48753220433118416,0.3022227438499452,74.0999,87.7343,0.8445944174627256,1.1840002483134255
8/25/20,963655,5759774,237583,327798,23867949,0.6575605595359946,1.749571087665061,0.28573060747354456,0.48929954476952464,0.3053178610306994,74.4184,87.903,0.8465968169459518,1.1811998107994797
8/26/20,968297,5805562,239010,328846,24157646,0.6607280791538723,1.7634795085444233,0.2874467975076158,0.4908638798872449,0.30902365361417655,74.5126,88.059,0.8461667745488821,1.1818001250795167
8/27/20,972972,5851263,240571,330368,24436720,0.6639181166837257,1.7773615025735954,0.2893241434383693,0.4931357482547737,0.3125935572011702,75.5379,89.2254,0.8465963727817415,1.1812004305123653
8/28/20,977730,5897126,242126,331644,24718050,0.6671647901740021,1.7912927052203629,0.29119427343345045,0.495040415821769,0.3161923194510714,75.2354,88.996,0.8453795676210167,1.1829006026418414
8/29/20,982573,5942852,242835,332752,24978746,0.6704694643466393,1.8051822931720036,0.2920469564987318,0.4966943121103511,0.3195271323878369,74.6382,88.7448,0.841043080834032,1.1889997347202907
8/30/20,987470,5978159,243305,334467,25205088,0.6738109860116002,1.8159070379957052,0.292612204793065,0.4992542689108188,0.3224224903132879,74.6382,88.7448,0.841043080834032,1.1889997347202907
8/31/20,992402,6012569,244802,335873,25467520,0.6771763903104742,1.8263593128812396,0.2944125807433135,0.5013529856813481,0.3257795100934964,74.6382,88.7448,0.841043080834032,1.1889997347202907
9/1/20,997072,6054989,246015,337168,25731709,0.6803630160354828,1.8392446805256562,0.29587140240507137,0.503286014285783,0.32915900534831866,73.8039,87.8266,0.840336526747022,1.1899994444738016
9/2/20,1001965,6095533,247411,338676,26014463,0.6837018082565678,1.8515602002280425,0.2975503101048355,0.5055369850467774,0.3327759833499842,73.5849,88.1547,0.8347246374838778,1.1979998613846048
9/3/20,1006923,6139371,248840,340411,26295319,0.6870849539406346,1.8648762951548679,0.29926890545079754,0.5081267955708657,0.3363686822106043,73.8588,87.7369,0.8418214001178523,1.1879004262186768
9/4/20,1011987,6189473,250283,342351,26608153,0.6905404298874105,1.8800951232953809,0.30100433797999504,0.5110226067620655,0.34037044238437025,75.468,89.1353,0.8466679306627116,1.1811005989293475
9/5/20,1017131,6233458,251058,344164,26871379,0.6940504947117024,1.8934558704863207,0.3019363963376721,0.5137288468082742,0.3437376189812227,75.1823,89.0384,0.8443806267857464,1.1843000280651164
9/6/20,1022228,6264591,251728,347152,27093507,0.6975284885704538,1.9029127340146945,0.30274217582108326,0.5181889931171942,0.34657907158509016,75.1823,89.0384,0.8443806267857464,1.1843000280651164
9/7/20,1027334,6288236,253626,350100,27326895,0.7010126236779256,1.9100950658853268,0.3050248168054331,0.5225894319788729,0.34956456166428523,75.1823,89.0384,0.8443806267857464,1.1843000280651164
9/8/20,1032354,6314940,254957,352560,27568271,0.7044380757420676,1.9182065901091956,0.3066255518687469,0.5262614399842085,0.35265223392402345,75.591,89.4771,0.8448083364346856,1.1837004405286344
9/9/20,1037526,6348544,256433,355219,27852706,0.7079672466734903,1.928414036934348,0.3084006720441423,0.5302304925395694,0.356290715211304,75.9645,89.7369,0.8465246737963981,1.1813004758801808
9/10/20,1042836,6384590,258149,358138,28151687,0.7115905834186285,1.9393632581062161,0.3104644296464312,0.5345876435019982,0.3601152683561435,76.0713,89.5663,0.8493294911144035,1.1773993608627695
9/11/20,1048257,6432062,259735,361677,28471545,0.7152896622313203,1.953783205603051,0.3123718419758194,0.5398702598966661,0.36420687926052236,75.5274,89.3036,0.8457374618716379,1.182400029658111
9/12/20,1053663,6472847,260817,365174,28748552,0.7189785056294781,1.966171930718033,0.3136731157087312,0.5450901834717308,0.3677503418651446,74.8896,88.6768,0.8445230319542428,1.1841003290176473
9/13/20,1059024,6507427,261737,368504,28984632,0.7226366427840328,1.976675844276353,0.31477955917848977,0.5500608284545632,0.37077026790202894,74.8896,88.6768,0.8445230319542428,1.1841003290176473
9/14/20,1064438,6541219,263222,371125,29264226,0.726330945069942,1.9869403973984678,0.31656550325739363,0.5539731589350448,0.37434682330848706,74.8896,88.6768,0.8445230319542428,1.1841003290176473
9/15/20,1069873,6580228,265014,374228,29547908,0.7300395769361993,1.9987896502612932,0.31872066271153215,0.5586049641547833,0.3779756722495046,74.7148,88.5819,0.8434544754628202,1.1856004432856677
9/16/20,1075485,6618825,266869,378219,29852879,0.7338689866939611,2.010513755281839,0.3209515894902302,0.5645622747032771,0.381876849237791,75.1884,89.3614,0.8413968447226655,1.1884998217810194
9/17/20,1081152,6663364,269048,381614,30166465,0.7377359263050154,2.0240427837946786,0.3235721767952346,0.5696299442878766,0.38588822896585956,74.9278,88.8644,0.8431700433469421,1.1860003897084928
9/18/20,1086955,6711775,271247,385936,30489632,0.7416956670078472,2.0387479590194277,0.32621681721914675,0.5760813339622916,0.3900221684675615,75.1941,88.6313,0.8483921594290055,1.1787001905734624
9/19/20,1092915,6755233,272932,390358,30770188,0.7457625383828045,2.0519486263247333,0.3282432924871286,0.5826819922548097,0.393611029740029,75.0319,88.9578,0.8434549865216989,1.185599724917002
9/20/20,1098958,6793091,273965,394257,31012629,0.749886045718185,2.0634482549971125,0.3294856360787162,0.5885019756746487,0.3967123254377089,75.0319,88.9578,0.8434549865216989,1.185599724917002
9/21/20,1105048,6844550,275560,398625,31311005,0.7540416240191061,2.079079281249211,0.33140387231161295,0.5950220289133911,0.40052913944644064,75.0319,88.9578,0.8434549865216989,1.185599724917002
9/22/20,1111157,6884162,277412,403551,31590903,0.7582101671784374,2.0911116995219747,0.33363119112247486,0.6023750010411486,0.4041095836088935,76.0381,90.0063,0.8448086411728957,1.1837000135458409
9/23/20,1117487,6922253,279025,409729,31857635,0.7625295121119072,2.1026821035517598,0.3355710751623886,0.6115968162675567,0.4075216088192893,76.2711,89.4813,0.8523691542255197,1.173200596294009
9/24/20,1123976,6966630,281346,416363,32218899,0.7669573524394404,2.116161923447004,0.33836243961163837,0.6214992963925149,0.4121428836404897,76.3545,89.2508,0.8555049366504278,1.1689003267652855
9/25/20,1131088,7016156,283712,423236,32548215,0.7718103036506312,2.1312057876138444,0.3412079235784306,0.6317585285147393,0.41635548090735935,77.178,89.9818,0.8577067807045424,1.165899608696779
9/26/20,1138509,7060600,285026,429277,32825265,0.7768741044012283,2.1447059592213047,0.3427882134906728,0.6407758457343462,0.4198994935662835,76.8195,89.6637,0.8567513943769887,1.1671997344424268
9/27/20,1146273,7097934,286339,434969,33066434,0.782171954964176,2.156046419278746,0.34436730074696964,0.6492722154767734,0.42298451789019637,76.8195,89.6637,0.8567513943769887,1.1671997344424268
9/28/20,1154299,7130041,288631,439013,33342317,0.7876485841009895,2.1657991420264895,0.347123788173803,0.6553086383928618,0.42651360233120683,76.8195,89.6637,0.8567513943769887,1.1671997344424268
9/29/20,1162428,7172152,290471,446156,33626366,0.7931954964176049,2.178590648789196,0.3493366751133202,0.6659708957839646,0.4301471459217311,78.6713,91.479,0.8599930038588092,1.1628001571093904
9/30/20,1170799,7213255,292913,453264,33953087,0.798907540088707,2.1910759685979766,0.35227356093196216,0.6765809091587314,0.4343265480510809,79.6845,93.0237,0.8566042847145404,1.1674001844775332
10/1/20,1179634,7258609,295539,460178,34271069,0.804936199249403,2.204852558983287,0.35543173544455575,0.6869013414143781,0.4383941612375454,78.7847,92.4302,0.8523696800396408,1.1731998725640893
10/2/20,1188928,7312071,298374,467146,34565494,0.8112780620948482,2.2210920103035554,0.35884126504973585,0.6973023787238005,0.4421604342103075,77.2774,90.7237,0.8517884521905522,1.174000419268764
10/3/20,1198663,7361584,300027,480017,34884965,0.8179208461276014,2.2361319256307124,0.3608292553274652,0.7165147425598475,0.44624709462596945,78.0915,91.5779,0.8527330283834855,1.1726999737487436
10/4/20,1209039,7397907,301573,502978,35133661,0.8250010235414533,2.2471652874635306,0.3626885614190378,0.750788309962495,0.44942840403663104,78.0915,91.5779,0.8527330283834855,1.1726999737487436
10/5/20,1219796,7436549,304673,515571,35462777,0.8323411804844763,2.2589030615445194,0.3664167948497462,0.7695857070402156,0.453638442911399,78.0915,91.5779,0.8527330283834855,1.1726999737487436
10/6/20,1231277,7479021,307127,530113,35786652,0.8401753667690208,2.27180422454767,0.36936811253973273,0.7912923494847649,0.45778143912114116,78.1281,91.6599,0.8523694658187496,1.1732001674173567
10/7/20,1242258,7529933,311137,544275,36136477,0.847668372569089,2.28726909577616,0.3741907628807458,0.8124317711805228,0.462256386706083,78.5119,92.5184,0.8486084930132817,1.1783997075602552
10/8/20,1253603,7587118,315941,561815,36496941,0.855409757761856,2.304639434030426,0.37996832204239844,0.8386134867958025,0.46686742795887637,78.0921,91.8129,0.8505569478798731,1.1757002308812288
10/9/20,1265572,7643344,320495,575679,36856619,0.8635769361992495,2.3217184694188036,0.3854452172177036,0.8593080880096131,0.4714684147307101,77.9157,91.699,0.8496897457987547,1.176900162611643
10/10/20,1278245,7697504,323463,590844,37187024,0.8722244967587854,2.3381699430543903,0.3890147000636205,0.8819446739449448,0.47569494244257365,77.0284,90.7163,0.8491131141812441,1.1776993939897493
10/11/20,1291687,7743396,326309,603716,37456778,0.881396792903446,2.3521099546512216,0.3924374588841999,0.9011585304671728,0.47914562495762664,77.0284,90.7163,0.8491131141812441,1.1776993939897493
10/12/20,1305093,7783958,332850,617688,37781897,0.8905445240532242,2.364430941977785,0.40030403142299453,0.9220143417885348,0.4833045343662415,77.0284,90.7163,0.8491131141812441,1.1776993939897493
10/13/20,1318783,7836979,337314,634920,38110901,0.8998860457181849,2.3805364365057105,0.40567268756321456,0.947736310060057,0.48751314054143247,77.0239,91.0037,0.8463820701795641,1.1814995085940858
10/14/20,1332824,7895909,344487,654644,38490953,0.9094670760832482,2.3984368305482726,0.4142993386594956,0.9771780522947079,0.4923747507166696,77.2855,91.0732,0.8486085917701366,1.1783995704239476
10/15/20,1346380,7960130,352107,673622,38898224,0.9187171613783691,2.4179444023420507,0.42346357696336595,1.00550625063831,0.4975845452649919,77.2759,90.7065,0.8519334336569043,1.1738006286565412
10/16/20,1361317,8028392,359802,689257,39308667,0.9289095871716138,2.4386794557636247,0.4327180144631404,1.0288443990787262,0.5028349159120477,77.9461,91.4542,0.8522965593707014,1.173300524336689
10/17/20,1376020,8085465,364664,705428,39649909,0.9389423404981235,2.456015773245232,0.4385653276696256,1.0529826273121747,0.5072000700999436,77.9644,91.3041,0.8538981272472977,1.1710998866149167
10/18/20,1390824,8134804,368671,722409,39935847,0.9490440122824975,2.471002834872009,0.4433843700428025,1.078329931352258,0.5108577777038686,77.9644,91.3041,0.8538981272472977,1.1710998866149167
10/19/20,1406667,8201387,377068,741212,40383933,0.9598546571136131,2.491227880460604,0.45348307201624066,1.1063969096141797,0.5165896761203519,77.9644,91.3041,0.8538981272472977,1.1710998866149167
10/20/20,1422775,8262326,385591,762542,40772455,0.9708461276015012,2.5097385221127277,0.46373330863879786,1.138235905855566,0.5215596342010973,77.9241,91.3115,0.8533875798776714,1.1718005084434726
10/21/20,1438219,8324960,397922,789229,41216105,0.9813845104060048,2.5287640317082105,0.4785632591013995,1.1780712219687342,0.527234787480764,77.778,91.5603,0.8494729702720503,1.177200493712875
10/22/20,1453923,8397618,403874,810467,41685750,0.992100307062436,2.550834400456632,0.48572146728835963,1.2097728910814658,0.5332424677738535,77.0322,91.3448,0.8433123724612676,1.1858002238025138
10/23/20,1471000,8480161,417350,830998,42182515,1.003752985329239,2.5759074061490663,0.5019284588084326,1.2404192310642084,0.5395970660359377,77.0809,91.3563,0.8437392932944964,1.1852002246989852
10/24/20,1487260,8564037,427808,854010,42595348,1.014848174684408,2.601385319787517,0.5145058346853191,1.2747689254620886,0.5448780094686092,76.4667,90.4142,0.8457377270384521,1.1823996589365042
10/25/20,1503652,8625984,437698,873800,42948826,1.0260334356874785,2.620202148393568,0.5264001019852241,1.3043091849846877,0.5493996860852891,76.4667,90.4142,0.8457377270384521,1.1823996589365042
10/26/20,1520800,8691979,450258,894690,43485889,1.0377345615830775,2.6402485849257054,0.54150546065932,1.3354913993064204,0.5562697747719513,76.4667,90.4142,0.8457377270384521,1.1823996589365042
10/27/20,1537142,8767572,463419,917575,43954797,1.0488857045377005,2.663210480171919,0.5573336155565951,1.3696515225593096,0.5622680273901458,76.4443,90.4489,0.845165612848802,1.1832000554652211
10/28/20,1553028,8845830,479621,942275,44463732,1.059725690890481,2.6869818875532663,0.5768190471838007,1.4065208712307697,0.5687783038116204,76.4556,90.3552,0.8461671270718233,1.1817996327280147
10/29/20,1570446,8936033,498354,965340,45014520,1.071611054247697,2.7143816710900253,0.5993484010087878,1.4409496779962443,0.575823962156264,77.552,91.2632,0.849762007030216,1.1768000825252731
10/30/20,1588433,9033829,517736,989745,45583754,1.083884680996247,2.744087880758893,0.6226582785423329,1.4773786842443004,0.5831055810044503,78.8699,92.6011,0.8517166642728866,1.1740993712430217
10/31/20,1606267,9122666,531790,1011660,46060084,1.096053906516547,2.771072732371977,0.639560405198841,1.5100909019015896,0.5891987755535402,79.3323,92.6284,0.8564576307050538,1.1676000821859445
11/1/20,1624648,9199122,544346,1034914,46494219,1.1085963834868646,2.7942967698218006,0.6546609532491554,1.5448018263552792,0.594752213328967,79.3323,92.6284,0.8564576307050538,1.1676000821859445
11/2/20,1642665,9281002,569598,1053864,47001076,1.120890481064483,2.819168384690373,0.6850304211821386,1.5730882294858122,0.6012359080565046,79.3323,92.6284,0.8564576307050538,1.1676000821859445
11/3/20,1661096,9404058,577131,1073882,47514619,1.133467076083248,2.856547493621333,0.69409002841876,1.6029688214576863,0.6078051298320032,80.5749,93.757,0.8594014313597917,1.1636005753652814
11/4/20,1680579,9507004,608611,1099059,48112246,1.146761514841351,2.8878180513186953,0.7319496375796309,1.640550181437498,0.6154499508149118,80.0006,93.3447,0.8570449098877602,1.1667999990000075
11/5/20,1699695,9632704,631172,1123197,48705471,1.1598055271238485,2.9260002934899156,0.7590827583635701,1.6765806404752188,0.6230384615876614,80.0006,93.3447,0.8570449098877602,1.1667999990000075
11/6/20,1720063,9757612,653992,1146484,49346623,1.1737038553394747,2.9639419601973365,0.7865273670373654,1.7113408235728822,0.6312400526517095,78.4559,92.1229,0.8516438366573349,1.1741997733758711
11/7/20,1740172,9886080,668114,1171441,49858197,1.1874254520641419,3.00296500146426,0.80351127429816,1.7485937925928674,0.6377840870569664,77.1875,91.3514,0.8449514731027659,1.18349991902834
11/8/20,1760420,9995860,682624,1192013,50423019,1.2012418969634937,3.0363114338075903,0.8209618120657661,1.7793013327090323,0.6450092677753885,77.1875,91.3514,0.8449514731027659,1.18349991902834
11/9/20,1781997,10115804,689146,1213363,50923663,1.2159651995905834,3.072745251269681,0.8288055341415983,1.8111701826740392,0.6514134860522858,77.1875,91.3514,0.8449514731027659,1.18349991902834
11/10/20,1802762,10256094,715693,1233775,51460740,1.2301344251108837,3.1153593065934717,0.8607324415238612,1.8416388930012393,0.6582837538263951,76.9515,91.4953,0.841043201126178,1.188999564660858
11/11/20,1822345,10399325,738094,1256725,52126793,1.2434970999658819,3.1588667109564477,0.8876731373565382,1.8758960408558956,0.6668038774990694,76.3978,90.3557,0.8455227506399707,1.1827002871810444
11/12/20,1843678,10560111,762832,1290195,52740580,1.2580539065165472,3.207706567676748,0.917424440133591,1.9258562473349954,0.674655416563798,76.2075,90.0468,0.846309918842202,1.1816002361972249
11/13/20,1865395,10737335,785093,1317496,53365400,1.2728727396792903,3.2615395802984857,0.9441967641339134,1.9666080727633164,0.6826480893288186,77.1148,90.8104,0.849184674883053,1.1776001493876662
11/14/20,1887836,10903890,799733,1344356,53927158,1.2881856021835552,3.312131810567599,0.9618036471744199,2.006701623585803,0.6898340754802422,77.3262,91.3222,0.8467404420830861,1.1809994542600049
11/15/20,1910149,11036935,802946,1369318,54370186,1.3034111224837939,3.3525451471600416,0.9656677807269575,2.043962056036693,0.6955012721604725,77.3262,91.3222,0.8467404420830861,1.1809994542600049
